{
   "conv_time_to_cost": 14,
   "costs_vehicles": [
     15,
     13,
     11,
     11,
     11,
     5,
     5,
     5
   ],
   "depot": [
     45.062786,
     7.678686
   ],
   "n_deliveries": 100,
   "n_vehicles": 8,
   "vols_vehicles": [
     8,
     6,
     4,
     4,
     4,
     2,
     2,
     2
   ]
 }